Product Name,Ad Type,Campaign Id,Ad Group Id,Campaign Name,Ad Group Name,Default Bid,Ad Group Type,ASIN,SKU,Total Cost,Pick Pack Fee,AMZ Price,Referral Fee,BE ROAS,BE ACOS,Organic Target,Sponsored Target,DP CVR,Percentage
Active Detergent,Sponsored Brands,23896926942109,,Active Detergent - SBV - KW - Main Video - KW Broad,,,KW Broad,B07L8NJY8W,activ-90-1,2.87,6.75,24.95,3.74,2.15,0.46,1.0,2.0,0.2837,1.0
Active Detergent,Sponsored Brands,196297977829354,,Active Detergent - SBV - KW - Main Video - KW Exact,,,KW Exact,B07L8NJY8W,activ-90-1,2.87,6.75,24.95,3.74,2.15,0.46,1.0,2.0,0.2837,1.0
Active Detergent,Sponsored Products,17054106977037,246595450513553,Active Detergent - SP - Auto - PP,Active Detergent - SP - Auto - PP,0.2,AUTO,B07L8NJY8W,activ-90-1,2.87,6.75,24.95,3.74,2.15,0.46,1.0,2.0,0.2837,6.0
Active Detergent,Sponsored Products,269930082106023,61766335738468,Active Detergent - SP - Auto - PP - New,Active Detergent - SP - Auto - PP,0.2,AUTO,B07L8NJY8W,activ-90-1,2.87,6.75,24.95,3.74,2.15,0.46,1.0,2.0,0.2837,6.0
Active Detergent,Sponsored Products,266498360193836,228433905960976,Active Detergent - SP - Auto - TOS,Active Detergent - SP - Auto - TOS,0.28,AUTO,B07L8NJY8W,activ-90-1,2.87,6.75,24.95,3.74,2.15,0.46,1.0,2.0,0.2837,7.5
Active Detergent,Sponsored Products,93173664527159,163815647763955,Active Detergent - SP - Auto - TOS - New,Active Detergent - SP - Auto - TOS,0.28,AUTO,B07L8NJY8W,activ-90-1,2.87,6.75,24.95,3.74,2.15,0.46,1.0,2.0,0.2837,7.5
Active Detergent,Sponsored Products,93173664527159,3128959821490,Active Detergent - SP - Auto - TOS - New,Active Detergent - SP - Auto - TOS - New,0.25,AUTO,B07L8NJY8W,activ-90-1,2.87,6.75,24.95,3.74,2.15,0.46,1.0,2.0,0.2837,7.5
Active Detergent,Sponsored Products,105683541381144,176396362113601,Active Detergent - SP - KW - Comp,Active Detergent - SP - KW - Comp - KW Exact,0.75,KW Exact,B07L8NJY8W,activ-90-1,2.87,6.75,24.95,3.74,2.15,0.46,1.0,2.0,0.2837,2.0
Active Detergent,Sponsored Products,105683541381144,184434360309420,Active Detergent - SP - KW - Comp,Active Detergent - SP - KP - Comp - KW Broad,0.75,KW Broad,B07L8NJY8W,activ-90-1,2.87,6.75,24.95,3.74,2.15,0.46,1.0,2.0,0.2837,2.0
Active Detergent,Sponsored Products,242448086536808,275234417579654,Active Detergent - SP - KW - Main,Active Detergent - SP - KW - Main - KW Broad - Set 1,1.25,KW Broad,B07L8NJY8W,activ-90-1,2.87,6.75,24.95,3.74,2.15,0.46,1.0,2.0,0.2837,2.0
Active Detergent,Sponsored Products,242448086536808,153928054446306,Active Detergent - SP - KW - Main,Active Detergent - SP - KW - Main - KW Exact - Set 1,1.5,KW Exact,B07L8NJY8W,activ-90-1,2.87,6.75,24.95,3.74,2.15,0.46,1.0,2.0,0.2837,2.0
Active Detergent,Sponsored Products,242448086536808,185748548448564,Active Detergent - SP - KW - Main,Active Detergent - SP - KW - Main - KW Exact - Set 2,0.75,KW Exact,B07L8NJY8W,activ-90-1,2.87,6.75,24.95,3.74,2.15,0.46,1.0,2.0,0.2837,2.0
Active Detergent,Sponsored Products,242448086536808,41814448427323,Active Detergent - SP - KW - Main,Active Detergent - SP - KW - Main - KW Broad - Set 2,0.75,KW Broad,B07L8NJY8W,activ-90-1,2.87,6.75,24.95,3.74,2.15,0.46,1.0,2.0,0.2837,2.0
Active Detergent,Sponsored Products,64847280952885,178347445896263,Active Detergent - SP - Prod - Category - CAT - Detergents,Active Detergent - SP - Prod - Category - CAT - Detergents,0.33,CAT,B07L8NJY8W,activ-90-1,2.87,6.75,24.95,3.74,2.15,0.46,1.0,2.0,0.2837,6.0
Active Detergent,Sponsored Products,200364874191729,184449741884370,Active Detergent - SP - Prod - Comp,Active Detergent - CAT - Active Clothing,0.5,CAT,B07L8NJY8W,activ-90-1,2.87,6.75,24.95,3.74,2.15,0.46,1.0,2.0,0.2837,4.4
Active Detergent,Sponsored Products,200364874191729,223565543843054,Active Detergent - SP - Prod - Comp,Active Detergent - SP - Prod - Comp - ASIN Comp - Direct,1.5,ASIN Comp,B07L8NJY8W,activ-90-1,2.87,6.75,24.95,3.74,2.15,0.46,1.0,2.0,0.2837,4.4
Active Detergent,Sponsored Products,200364874191729,35173560923636,Active Detergent - SP - Prod - Comp,Active Detergent - SP - Prod - Comp - ASIN Comp - Sweat/Odor Spray,0.75,ASIN Anc,B07L8NJY8W,activ-90-1,2.87,6.75,24.95,3.74,2.15,0.46,1.0,2.0,0.2837,4.4
Active Detergent,Sponsored Products,200364874191729,110737896753956,Active Detergent - SP - Prod - Comp,Active Detergent - SP - Prod - Comp - ASIN Comp - Sport Additives,0.75,ASIN Anc,B07L8NJY8W,activ-90-1,2.87,6.75,24.95,3.74,2.15,0.46,1.0,2.0,0.2837,4.4
Arch Plant Stand,Sponsored Products,134403455455278,99574783800259,Arch Plant Stand - SP - KW - Main,Arch Plant Stand - SP - KW - Main - KW Exact,0.3,KW Exact,B08DQ4VWZK,sm-arch-pls-1,8.11,6.08,24.95,3.74,3.55,0.28,1.0,2.0,,5.0
Arch Plant Stand,Sponsored Products,134403455455278,129497992711693,Arch Plant Stand - SP - KW - Main,Arch Plant Stand - SP - KW - Main - KW Broad,0.2,KW Broad,B08DQ4VWZK,sm-arch-pls-1,8.11,6.08,24.95,3.74,3.55,0.28,1.0,2.0,,5.0
Dontcare,Sponsored Products,222819081133644,64514641057063,Brush Dishcloth Pack - Auto,Brush Dishcloth Pack - Auto,0.35,Dontcare,,,,,,,,,,,,2.5
Dontcare,Sponsored Products,109962155231857,217393229870332,Brush Dishcloth Pack - Manual,Brush Dishcloth Pack - Broad,1.5,Dontcare,,,,,,,,,,,,1.25
Dontcare,Sponsored Products,109962155231857,138795747113769,Brush Dishcloth Pack - Manual,Brush Dishcloth Pack - Exact,2.5,Dontcare,,,,,,,,,,,,1.25
Cakeware Pans General,Sponsored Products,106871411459990,16603817597597,Cakeware Pans - General - SP - KW - Comp,Cakeware Pans - General - SP - KW - Comp - KW Broad,0.3,KW Broad,,,,,,,4.0,0.25,,,,2.75
Cakeware Pans General,Sponsored Products,106871411459990,127608584452090,Cakeware Pans - General - SP - KW - Comp,Cakeware Pans - General - SP - KW - Comp - KW Exact,0.45,KW Exact,,,,,,,4.0,0.25,,,,2.75
Cakeware Pans General,Sponsored Brands,144163568048889000,,Cakeware Pans - SB - KW - Store Spotlight - KW Exact - General V2,,,KW Exact,,,,,,,4.0,0.25,,,,1.0
Cakeware Pans General,Sponsored Brands,144275783394874000,,Cakeware Pans - SB - KW - Store Spotlight - KW Exact - Specific V2,,,KW Exact,,,,,,,4.0,0.25,,,,1.0
Cakeware Pans 4 Inch,Sponsored Products,226575437236586,225482025522316,Cakeware Pans - SP - KW - Phrase,Cakeware Pans 4 Inch - SP - KW - Phrase - KW Phrase,0.27,KW Phrase,B08D74SPZW,ie-pan-4in-4,4.8,5.4,18.95,2.84,3.21,0.31,1.0,2.0,,2.75
Cakeware Pans 4 7 9,Sponsored Products,226575437236586,169710891984810,Cakeware Pans - SP - KW - Phrase,Cakeware Pans 4 7 9 - SP - KW - Phrase - KW Phrase,0.27,KW Phrase,B08D75HXSN,ie-pan-479in-3,4.82,6.08,20.95,3.14,3.03,0.33,1.0,2.0,,2.75
Cakeware Pans 7 Inch,Sponsored Products,226575437236586,70037013517822,Cakeware Pans - SP - KW - Phrase,Cakeware Pans 7 Inch - SP - KW - Phrase - KW Phrase,0.27,KW Phrase,B08D75BTWH,ie-pan-7in-1,1.76,5.4,10.95,1.64,5.1,0.2,1.0,2.0,,2.75
Cakeware Pans General,Sponsored Products,226575437236586,99343415785136,Cakeware Pans - SP - KW - Phrase,Cakeware Pans General - SP - KW - Phrase - KW Phrase,0.27,KW Phrase,,,,,,,4.0,0.25,,,,2.75
Cakeware Pans 9 Inch,Sponsored Products,226575437236586,34394738231038,Cakeware Pans - SP - KW - Phrase,Cakeware Pans 9 Inch - SP - KW - Phrase - KW Phrase,0.27,KW Phrase,B08D75QYRK,ie-pan-9in-1,2.15,5.4,14.95,2.24,2.9,0.35,1.0,2.0,,2.75
Cakeware Pans 4 7 9,Sponsored Brands,200856912810,,Cakeware Pans 4 7 9 - SBV - KW - Main Video - KW Broad,,,KW Broad,B08D75HXSN,ie-pan-479in-3,4.82,6.08,20.95,3.14,3.03,0.33,1.0,2.0,,1.0
Cakeware Pans 4 7 10,Sponsored Brands,280974508204922,,Cakeware Pans 4 7 9 - SBV - KW - Main Video - KW Exact - Tiktok Var 2,,,KW Exact,,,,,,,,,,,,1.0
Cakeware Pans 4 7 9,Sponsored Products,39253864681804,60145413820949,Cakeware Pans 4 7 9 - SP - KW - Comp,Cakeware Pans 4 7 9 - SP - KW - Comp - KW Broad,0.35,KW Broad,B08D75HXSN,ie-pan-479in-3,4.82,6.08,20.95,3.14,3.03,0.33,1.0,2.0,,2.75
Cakeware Pans 4 7 9,Sponsored Products,39253864681804,66769355514026,Cakeware Pans 4 7 9 - SP - KW - Comp,Cakeware Pans 4 7 9 - SP - KW - Comp - KW Exact,0.45,KW Exact,B08D75HXSN,ie-pan-479in-3,4.82,6.08,20.95,3.14,3.03,0.33,1.0,2.0,,2.75
Cakeware Pans 4 7 9,Sponsored Products,16463685274337,208634445733695,Cakeware Pans 4 7 9 - SP - KW - Main,Cakeware Pans 4 7 9 - SP - KW - Main - KW Broad,0.35,KW Broad,B08D75HXSN,ie-pan-479in-3,4.82,6.08,20.95,3.14,3.03,0.33,1.0,2.0,,2.75
Cakeware Pans 4 7 9,Sponsored Products,16463685274337,26381495206437,Cakeware Pans 4 7 9 - SP - KW - Main,Cakeware Pans 4 7 9 - SP - KW - Main - KW Exact,0.6,KW Exact,B08D75HXSN,ie-pan-479in-3,4.82,6.08,20.95,3.14,3.03,0.33,1.0,2.0,,2.75
Cakeware Pans 4 7 9,Sponsored Products,21096087932875,127992842133182,Cakeware Pans 4 7 9 - SP - Prod - Comp,Cakeware Pans 4 7 9 - SP - Prod - Comp - ASIN Comp - Direct,0.25,ASIN Comp,B08D75HXSN,ie-pan-479in-3,4.82,6.08,20.95,3.14,3.03,0.33,1.0,2.0,,4.0
Cakeware Pans 4 Inch,Sponsored Brands,1879487907044,,Cakeware Pans 4 Inch - SBV - KW - Main Video - KW Broad,,,KW Broad,B08D74SPZW,ie-pan-4in-4,4.8,5.4,18.95,2.84,3.21,0.31,1.0,2.0,,1.0
Cakeware Pans 4 Inch,Sponsored Brands,59286395790755,,Cakeware Pans 4 Inch - SBV - KW - Main Video - KW Exact - Tiktok Var 2,,,KW Exact,B08D74SPZW,ie-pan-4in-4,4.8,5.4,18.95,2.84,3.21,0.31,1.0,2.0,,1.0
Cakeware Pans 4 Inch,Sponsored Products,199338958309075,64831506594515,Cakeware Pans 4 Inch - SP - KW - Comp,Cakeware Pans 4 Inch - SP - KW - Comp - KW Broad,0.4,KW Broad,B08D74SPZW,ie-pan-4in-4,4.8,5.4,18.95,2.84,3.21,0.31,1.0,2.0,,2.75
Cakeware Pans 4 Inch,Sponsored Products,199338958309075,66130260025395,Cakeware Pans 4 Inch - SP - KW - Comp,Cakeware Pans 4 Inch - SP - KW - Comp - KW Exact,0.55,KW Exact,B08D74SPZW,ie-pan-4in-4,4.8,5.4,18.95,2.84,3.21,0.31,1.0,2.0,,2.75
Cakeware Pans 4 Inch,Sponsored Products,84585167609544,121496827847721,Cakeware Pans 4 Inch - SP - KW - Main,Cakeware Pans 4 Inch - SP - KW - Main - KW Exact,0.65,KW Exact,B08D74SPZW,ie-pan-4in-4,4.8,5.4,18.95,2.84,3.21,0.31,1.0,2.0,,2.75
Cakeware Pans 4 Inch,Sponsored Products,84585167609544,135988132126912,Cakeware Pans 4 Inch - SP - KW - Main,Cakeware Pans 4 Inch - SP - KW - Main - KW Broad,0.3,KW Broad,B08D74SPZW,ie-pan-4in-4,4.8,5.4,18.95,2.84,3.21,0.31,1.0,2.0,,2.75
Cakeware Pans 4 Inch,Sponsored Products,13282003109053,100643991638520,Cakeware Pans 4 Inch - SP - Prod - Comp,Cakeware Pans 4 Inch - SP - Prod - Comp - ASIN Comp - Direct,0.25,ASIN Comp,B08D74SPZW,ie-pan-4in-4,4.8,5.4,18.95,2.84,3.21,0.31,1.0,2.0,,4.0
Cakeware Pans 7 Inch,Sponsored Brands,216840620373629,,Cakeware Pans 7 Inch - SBV - KW - Main Video - KW Broad,,,KW Broad,B08D75BTWH,ie-pan-7in-1,1.76,5.4,10.95,1.64,5.1,0.2,1.0,2.0,,1.0
Cakeware Pans 7 Inch,Sponsored Brands,55181137526681,,Cakeware Pans 7 Inch - SBV - KW - Main Video - KW Exact - Tiktok Var 2,,,KW Exact,B08D75BTWH,ie-pan-7in-1,1.76,5.4,10.95,1.64,5.1,0.2,1.0,2.0,,1.0
Cakeware Pans 7 Inch,Sponsored Products,149553119210452,127393650473556,Cakeware Pans 7 Inch - SP - KW - Comp,Cakeware Pans 7 Inch - SP - KW - Comp - KW Broad,0.4,KW Broad,B08D75BTWH,ie-pan-7in-1,1.76,5.4,10.95,1.64,5.1,0.2,1.0,2.0,,2.75
Cakeware Pans 7 Inch,Sponsored Products,149553119210452,194207408241394,Cakeware Pans 7 Inch - SP - KW - Comp,Cakeware Pans 7 Inch - SP - KW - Comp - KW Exact,0.55,KW Exact,B08D75BTWH,ie-pan-7in-1,1.76,5.4,10.95,1.64,5.1,0.2,1.0,2.0,,2.75
Cakeware Pans 7 Inch,Sponsored Products,11379219659749,112636400465767,Cakeware Pans 7 Inch - SP - KW - Main,Cakeware Pans 7 Inch - SP - KW - Main - KW Exact,0.65,KW Exact,B08D75BTWH,ie-pan-7in-1,1.76,5.4,10.95,1.64,5.1,0.2,1.0,2.0,,2.75
Cakeware Pans 7 Inch,Sponsored Products,11379219659749,100188318627497,Cakeware Pans 7 Inch - SP - KW - Main,Cakeware Pans 7 Inch - SP - KW - Main - KW Broad,0.3,KW Broad,B08D75BTWH,ie-pan-7in-1,1.76,5.4,10.95,1.64,5.1,0.2,1.0,2.0,,2.75
Cakeware Pans 7 Inch,Sponsored Products,57937819469199,6816820301331,Cakeware Pans 7 Inch - SP - Prod - Comp,Cakeware Pans 7 Inch - SP - Prod - Comp - ASIN Comp - Direct,0.25,ASIN Comp,B08D75BTWH,ie-pan-7in-1,1.76,5.4,10.95,1.64,5.1,0.2,1.0,2.0,,4.0
Cakeware Pans 9 Inch,Sponsored Brands,75137888402313,,Cakeware Pans 9 Inch - SBV - KW - Main Video - KW Broad,,,KW Broad,B08D75QYRK,ie-pan-9in-1,2.15,5.4,14.95,2.24,2.9,0.35,1.0,2.0,,1.0
Cakeware Pans 9 Inch,Sponsored Brands,184322941151237,,Cakeware Pans 9 Inch - SBV - KW - Main Video - KW Exact - Tiktok Var 2,,,KW Exact,B08D75QYRK,ie-pan-9in-1,2.15,5.4,14.95,2.24,2.9,0.35,1.0,2.0,,1.0
Cakeware Pans 9 Inch,Sponsored Products,87140329779974,194126940769846,Cakeware Pans 9 Inch - SP - KW - Comp,Cakeware Pans 9 Inch - SP - KW - Comp - KW Exact,0.55,KW Exact,B08D75QYRK,ie-pan-9in-1,2.15,5.4,14.95,2.24,2.9,0.35,1.0,2.0,,2.75
Cakeware Pans 9 Inch,Sponsored Products,87140329779974,88512552712850,Cakeware Pans 9 Inch - SP - KW - Comp,Cakeware Pans 9 Inch - SP - KW - Comp - KW Broad,0.4,KW Broad,B08D75QYRK,ie-pan-9in-1,2.15,5.4,14.95,2.24,2.9,0.35,1.0,2.0,,2.75
Cakeware Pans 9 Inch,Sponsored Products,39918972923667,33036283279814,Cakeware Pans 9 Inch - SP - KW - Main,Cakeware Pans 9 Inch - SP - KW - Main - KW Exact,0.65,KW Exact,B08D75QYRK,ie-pan-9in-1,2.15,5.4,14.95,2.24,2.9,0.35,1.0,2.0,,2.75
Cakeware Pans 9 Inch,Sponsored Products,39918972923667,58373222198840,Cakeware Pans 9 Inch - SP - KW - Main,Cakeware Pans 9 Inch - SP - KW - Main - KW Broad,0.45,KW Broad,B08D75QYRK,ie-pan-9in-1,2.15,5.4,14.95,2.24,2.9,0.35,1.0,2.0,,2.75
Cakeware Pans 9 Inch,Sponsored Products,106154278390089,34940848613104,Cakeware Pans 9 Inch - SP - Prod - Comp,Cakeware Pans 9 Inch - SP - Prod - Comp - ASIN Comp - Direct,0.25,ASIN Comp,B08D75QYRK,ie-pan-9in-1,2.15,5.4,14.95,2.24,2.9,0.35,1.0,2.0,,4.0
Cakeware Pans General,Sponsored Products,193493812027169,262974778190558,Cakeware Pans General - SP - KW - Main,Cakeware Pans General - SP - KW - Main - KW Exact,0.55,KW Exact,,,,,,,4.0,0.25,,,,2.5
Cakeware Pans General,Sponsored Products,193493812027169,108506841569112,Cakeware Pans General - SP - KW - Main,Cakeware Pans General - SP - KW - Main - KW Broad,0.35,KW Broad,,,,,,,4.0,0.25,,,,2.5
Dishwasher Cleaner,Sponsored Brands,128432717342912,,Dishwasher Cleaner - SBV - KW - Main Video - KW Exact - (vid2-subs),,,KW Exact,B09MV5B75Y,active-dishwasher-24,2.44,3.22,15.95,2.39,2.02,0.5,1.0,1.0,0.398,1.0
Dishwasher Cleaner,Sponsored Products,167002940530915,8931623599254,Dishwasher Cleaner - SP - Auto - TOS,Dishwasher Cleaner - SP - Auto - TOS,0.25,AUTO,B09MV5B75Y,active-dishwasher-24,2.44,3.22,15.95,2.39,2.02,0.5,1.0,1.0,0.398,6.0
Dishwasher Cleaner,Sponsored Products,112328707270039,124830196633084,Dishwasher Cleaner - SP - KW - Comp,Dishwasher Cleaner - SP - KW - Comp - KW Broad,0.75,KW Broad,B09MV5B75Y,active-dishwasher-24,2.44,3.22,15.95,2.39,2.02,0.5,1.0,1.0,0.398,5.5
Dishwasher Cleaner,Sponsored Products,112328707270039,101223766827710,Dishwasher Cleaner - SP - KW - Comp,Dishwasher Cleaner - SP - KW - Comp - KW Exact,0.75,KW Exact,B09MV5B75Y,active-dishwasher-24,2.44,3.22,15.95,2.39,2.02,0.5,1.0,1.0,0.398,5.5
Dishwasher Cleaner,Sponsored Products,276969715496049,132802524754661,Dishwasher Cleaner - SP - KW - Main,Dishwasher Cleaner - SP - KW - Main - KW Exact,0.75,KW Exact,B09MV5B75Y,active-dishwasher-24,2.44,3.22,15.95,2.39,2.02,0.5,1.0,1.0,0.398,6.0
Dishwasher Cleaner,Sponsored Products,276969715496049,100181686754149,Dishwasher Cleaner - SP - KW - Main,Dishwasher Cleaner - SP - KW - Main - KW Broad,0.75,KW Broad,B09MV5B75Y,active-dishwasher-24,2.44,3.22,15.95,2.39,2.02,0.5,1.0,1.0,0.398,6.0
Dishwasher Cleaner,Sponsored Products,132860770378064,143622455976249,Dishwasher Cleaner - SP - KW - Washer Branded,Dishwasher Cleaner - SP - KW - Washer Branded - KW Broad,0.75,KW Broad,B09MV5B75Y,active-dishwasher-24,2.44,3.22,15.95,2.39,2.02,0.5,1.0,1.0,0.398,5.5
Dishwasher Cleaner,Sponsored Products,132860770378064,44671174993175,Dishwasher Cleaner - SP - KW - Washer Branded,Dishwasher Cleaner - SP - KW - Washer Branded - KW Exact,0.75,KW Exact,B09MV5B75Y,active-dishwasher-24,2.44,3.22,15.95,2.39,2.02,0.5,1.0,1.0,0.398,5.5
Dishwasher Cleaner,Sponsored Products,142474877666599,209865142318171,Dishwasher Cleaner - SP - Prod - Comp,Dishwasher Cleaner - SP - Prod - Comp - Direct,0.75,ASIN Comp,B09MV5B75Y,active-dishwasher-24,2.44,3.22,15.95,2.39,2.02,0.5,1.0,1.0,0.398,6.0
Dishwasher Cleaner,Sponsored Products,276919254636680,220229539172820,Dishwasher Cleaner - SP - Prod - Defense - ASIN Def,Dishwasher Cleaner - SP - Prod - Defense - ASIN Def,0.75,ASIN Def,B09MV5B75Y,active-dishwasher-24,2.44,3.22,15.95,2.39,2.02,0.5,1.0,1.0,0.398,10.0
Exp Steamer Basket,Sponsored Brands,251108771516425,,Exp Steamer Basket - SBV - KW - Main Video - KW Broad,,,KW Broad,B08D75LFT5,ie-exp-basket-1,3.35,4.75,12.95,1.94,4.45,0.22,1.0,2.0,,1.0
Exp Steamer Basket,Sponsored Brands,19639266398162,,Exp Steamer Basket - SBV - KW - Main Video - KW Exact,,,KW Exact,B08D75LFT5,ie-exp-basket-1,3.35,4.75,12.95,1.94,4.45,0.22,1.0,2.0,,1.0
Exp Steamer Basket,Sponsored Brands,43386603441468,,Exp Steamer Basket - SBV - Prod - ASIN Comp - Direct Competitors(1),,,ASIN Comp,B08D75LFT5,ie-exp-basket-1,3.35,4.75,12.95,1.94,4.45,0.22,1.0,2.0,,1.0
Exp Steamer Basket,Sponsored Products,130871364696432,85441792984178,Exp Steamer Basket - SP - Auto - TOS,Exp Steamer Basket - SP - Auto - TOS,0.25,AUTO,B08D75LFT5,ie-exp-basket-1,3.35,4.75,12.95,1.94,4.45,0.22,1.0,2.0,,6.5
Exp Steamer Basket,Sponsored Products,36695670903964,30399461123769,Exp Steamer Basket - SP - KW - Main,Exp Steamer Basket - SP - KW - Main - KW Broad,0.25,KW Broad,B08D75LFT5,ie-exp-basket-1,3.35,4.75,12.95,1.94,4.45,0.22,1.0,2.0,,4.25
Exp Steamer Basket,Sponsored Products,36695670903964,50094147282413,Exp Steamer Basket - SP - KW - Main,Exp Steamer Basket - SP - KW - Main - KW Exact,0.35,KW Exact,B08D75LFT5,ie-exp-basket-1,3.35,4.75,12.95,1.94,4.45,0.22,1.0,2.0,,4.25
Exp Steamer Basket,Sponsored Products,74875109928037,177817194140292,Exp Steamer Basket - SP - Prod - Comp,Exp Steamer Basket - SP - Prod - Comp - ASIN Comp - Direct,0.23,ASIN Comp,B08D75LFT5,ie-exp-basket-1,3.35,4.75,12.95,1.94,4.45,0.22,1.0,2.0,,5.0
Floating Shelves,Sponsored Brands,41426775987358,,Floating Shelves - SBV - KW - Main Video - KW Exact,,,KW Exact,B08DPXTM3C,sm-float-shelf-2,25.04,8.64,59.95,8.99,3.47,0.29,1.0,2.0,,1.0
Floating Shelves,Sponsored Products,7428651185344,271290994430253,Floating Shelves - SP - KW - Main,Floating Shelves - SP - KW - Main - KW Exact,0.3,KW Exact,B08DPXTM3C,sm-float-shelf-2,25.04,8.64,59.95,8.99,3.47,0.29,1.0,2.0,,5.5
Floating Shelves,Sponsored Products,7428651185344,20946244169079,Floating Shelves - SP - KW - Main,Floating Shelves - SP - KW - Main - KW Broad,0.17,KW Broad,B08DPXTM3C,sm-float-shelf-2,25.04,8.64,59.95,8.99,3.47,0.29,1.0,2.0,,5.5
Dontcare,Sponsored Products,34645073504780,250478947178358,Foam Hands - Auto,Foam Hands - Auto,0.55,Dontcare,,,,,,,,,,,,1.0
Dontcare,Sponsored Products,195644137150358,252506815128864,Foam Hands - Targeted,Foam Hands - Broad,0.75,Dontcare,,,,,,,,,,,,1.0
Dontcare,Sponsored Products,195644137150358,148713071246750,Foam Hands - Targeted,Foam Hands - Green,1.15,Dontcare,,,,,,,,,,,,1.0
Dontcare,Sponsored Products,195644137150358,166994680063121,Foam Hands - Targeted,Foam Hand - Red,1.15,Dontcare,,,,,,,,,,,,1.0
Dontcare,Sponsored Products,195644137150358,212017144371169,Foam Hands - Targeted,Foam Hand - Blue,1.15,Dontcare,,,,,,,,,,,,1.0
Dontcare,Sponsored Products,195644137150358,78503562961300,Foam Hands - Targeted,Foam Hands - Black,1.15,Dontcare,,,,,,,,,,,,1.0
Dontcare,Sponsored Products,195644137150358,10743669916748,Foam Hands - Targeted,Foam Hands - Yellow,1.15,Dontcare,,,,,,,,,,,,1.0
Dontcare,Sponsored Products,195644137150358,100068455505092,Foam Hands - Targeted,Foam Hand - Exact,1.25,Dontcare,,,,,,,,,,,,1.0
Foodi Lid Stand,Sponsored Products,146116764481826,59010765991514,Foodi Lid Stand - SP - KW - Main,Foodi Lid Stand - SP - KW - Main - KW Exact - Main Set,0.5,KW Exact,B08D75D3W4,ni-lid-stand-1,3.23,3.72,9.95,1.49,6.6,0.15,1.0,2.0,,4.5
Foodi Lid Stand,Sponsored Products,146116764481826,278598077976322,Foodi Lid Stand - SP - KW - Main,Foodi Lid Stand - SP - KW - Main - KW Exact - Foodi Accessory Terms,0.03,KW Exact,B08D75D3W4,ni-lid-stand-1,3.23,3.72,9.95,1.49,6.6,0.15,1.0,2.0,,4.5
Foodi Lid Stand,Sponsored Products,146116764481826,54690987326485,Foodi Lid Stand - SP - KW - Main,Foodi Lid Stand - SP - KW - Main - KW Broad,0.3,KW Broad,B08D75D3W4,ni-lid-stand-1,3.23,3.72,9.95,1.49,6.6,0.15,1.0,2.0,,4.5
Foodi Lid Stand,Sponsored Products,263856525820743,171737278816127,Foodi Lid Stand - SP - Prod - Comp,Foodi Lid Stand - SP - Prod - Comp - ASIN Comp - Direct,0.25,ASIN Comp,B08D75D3W4,ni-lid-stand-1,3.23,3.72,9.95,1.49,6.6,0.15,1.0,2.0,,4.0
Foodi Lid Stand,Sponsored Products,248084101130234,246580392903953,Foodi Lid Stand - SP - Prod - Ninja Foodi,Foodi Lid Stand - SP - Prod - Ninja Foodi - ASIN Anc - Foodi Pressure Cookers,0.11,ASIN Anc,B08D75D3W4,ni-lid-stand-1,3.23,3.72,9.95,1.49,6.6,0.15,1.0,2.0,,1.15
InstaExtras Store,Sponsored Brands,144319957787416000,,InstaExtras - SB - KW - Store Spotlight - KW Exact - General IP Terms,,,KW Exact,,,,,,,3.5,0.29,,,,1.0
IP Lids 6 QT,Sponsored Products,145961473494014,215165376297496,IP Lids 6 QT - ASIN - Instant Pots,IP Lids 6 QT - ASIN - Instant Pots,0.25,ASIN Comp,B07CNHQVGN,ie-sili-lid-sf-6,3.48,3.22,13.99,2.1,2.7,0.37,1.0,2.0,,5.0
IP Lids 6 QT,Sponsored Brands,116830961291037,,IP Lids 6 QT - SBV - KW - Main Video - KW Broad,,,KW Broad,B07CNHQVGN,ie-sili-lid-sf-6,3.48,3.22,13.99,2.1,2.7,0.37,1.0,2.0,,1.0
IP Lids 6 QT,Sponsored Brands,175313612073040,,IP Lids 6 QT - SBV - KW - Main Video - KW Exact,,,KW Exact,B07CNHQVGN,ie-sili-lid-sf-6,3.48,3.22,13.99,2.1,2.7,0.37,1.0,2.0,,1.0
IP Lids 6 QT,Sponsored Products,116826085641735,111827472299462,IP Lids 6 QT - SP - KW - Main,IP Lids 6 QT - SP - KW - Main - KW Broad,0.5,KW Broad,B07CNHQVGN,ie-sili-lid-sf-6,3.48,3.22,13.99,2.1,2.7,0.37,1.0,2.0,,2.75
IP Lids 6 QT,Sponsored Products,116826085641735,51554918560031,IP Lids 6 QT - SP - KW - Main,IP Lids 6 QT - SP - KW - Main - KW Exact - Set 1,0.6,KW Exact,B07CNHQVGN,ie-sili-lid-sf-6,3.48,3.22,13.99,2.1,2.7,0.37,1.0,2.0,,2.75
IP Lids 6 QT,Sponsored Products,116826085641735,105519372176004,IP Lids 6 QT - SP - KW - Main,IP Lids 6 QT - SP - KW - Main - KW Exact - Set 2,0.6,KW Exact,B07CNHQVGN,ie-sili-lid-sf-6,3.48,3.22,13.99,2.1,2.7,0.37,1.0,2.0,,2.75
IP Lids 6 QT,Sponsored Products,116826085641735,109644012251417,IP Lids 6 QT - SP - KW - Main,IP Lids 6 QT - SP - KW - Main - KW Exact - Set 3,0.6,KW Exact,B07CNHQVGN,ie-sili-lid-sf-6,3.48,3.22,13.99,2.1,2.7,0.37,1.0,2.0,,2.75
IP Lids 8 QT,Sponsored Products,161537886118980,86405202866116,IP Lids 8 QT - ASIN - Instant Pots,IP Lids 8 QT - ASIN - Instant Pots,0.25,ASIN Comp,B07CNHS3MG,ie-sili-lid-sf-8,3.89,3.22,13.99,2.1,2.93,0.34,1.0,2.0,,7.0
IP Lids 8 QT,Sponsored Brands,171228061816683,,IP Lids 8 QT - SBV - KW - Main Video - KW Broad,,,KW Broad,B07CNHS3MG,ie-sili-lid-sf-8,3.89,3.22,13.99,2.1,2.93,0.34,1.0,2.0,,1.0
IP Lids 8 QT,Sponsored Brands,53554832274443,,IP Lids 8 QT - SBV - KW - Main Video - KW Exact,,,KW Exact,B07CNHS3MG,ie-sili-lid-sf-8,3.89,3.22,13.99,2.1,2.93,0.34,1.0,2.0,,1.0
IP Lids 8 QT,Sponsored Products,145463053781733,64741760880240,IP Lids 8 QT - SP - KW - Main,IP Lids 8 QT - SP - KW - Main - KW Exact - Set 1,0.6,KW Exact,B07CNHS3MG,ie-sili-lid-sf-8,3.89,3.22,13.99,2.1,2.93,0.34,1.0,2.0,,2.25
IP Lids 8 QT,Sponsored Products,145463053781733,236368335514880,IP Lids 8 QT - SP - KW - Main,IP Lids 8 QT - SP - KW - Main - KW Broad,0.5,KW Broad,B07CNHS3MG,ie-sili-lid-sf-8,3.89,3.22,13.99,2.1,2.93,0.34,1.0,2.0,,2.25
IP Lids 8 QT,Sponsored Products,145463053781733,30208771118636,IP Lids 8 QT - SP - KW - Main,IP Lids 8 QT - SP - KW - Main - KW Exact - Set 2,0.6,KW Exact,B07CNHS3MG,ie-sili-lid-sf-8,3.89,3.22,13.99,2.1,2.93,0.34,1.0,2.0,,2.25
IP Sealing Ring 3 QT,Sponsored Products,93972375053857,185120506587651,IP Sealing Ring 3 QT - ASIN - Instant Pots,IP Sealing Ring 3 QT - ASIN - Instant Pots,0.25,ASIN Comp,B07SF82TQ3,ie-3-3qt-b-c-s,3.65,5.4,14.99,2.25,4.06,0.25,1.0,2.0,,6.0
IP Sealing Ring 3 QT,Sponsored Brands,82829502933657,,IP Sealing Ring 3 QT - SBV - KW - Main Video - KW Broad,,,KW Broad,B07SF82TQ3,ie-3-3qt-b-c-s,3.65,5.4,14.99,2.25,4.06,0.25,1.0,2.0,,1.0
IP Sealing Ring 3 QT,Sponsored Brands,223020632145094,,IP Sealing Ring 3 QT - SBV - KW - Main Video - KW Exact,,,KW Exact,B07SF82TQ3,ie-3-3qt-b-c-s,3.65,5.4,14.99,2.25,4.06,0.25,1.0,2.0,,1.0
IP Sealing Ring 3 QT,Sponsored Products,127264268309338,21078763050913,IP Sealing Ring 3 QT - SP - KW - Main,IP Sealing Ring 3 QT - SP - KW - Main - KW Broad,0.4,KW Broad,B07SF82TQ3,ie-3-3qt-b-c-s,3.65,5.4,14.99,2.25,4.06,0.25,1.0,2.0,,3.5
IP Sealing Ring 3 QT,Sponsored Products,127264268309338,237033537248769,IP Sealing Ring 3 QT - SP - KW - Main,IP Sealing Ring 3 QT - SP - KW - Main - KW Exact,0.5,KW Exact,B07SF82TQ3,ie-3-3qt-b-c-s,3.65,5.4,14.99,2.25,4.06,0.25,1.0,2.0,,3.5
IP Sealing Ring 6 QT,Sponsored Products,6953690213410,186075380773197,IP Sealing Ring 6 QT - ASIN - Instant Pots,IP Sealing Ring 6 QT - ASIN - Instant Pots,0.25,ASIN Comp,B07CRPSYHL,ie-rings-6qt-3,3.9,5.4,15.95,2.39,3.75,0.27,1.0,2.0,,5.25
IP Sealing Ring 6 QT,Sponsored Brands,136863739308769,,IP Sealing Ring 6 QT - SBV - KW - Main Video - KW Broad,,,KW Broad,B07CRPSYHL,ie-rings-6qt-3,3.9,5.4,15.95,2.39,3.75,0.27,1.0,2.0,,1.0
IP Sealing Ring 6 QT,Sponsored Brands,4686227966926,,IP Sealing Ring 6 QT - SBV - KW - Main Video - KW Exact,,,KW Exact,B07CRPSYHL,ie-rings-6qt-3,3.9,5.4,15.95,2.39,3.75,0.27,1.0,2.0,,1.0
IP Sealing Ring 6 QT,Sponsored Products,181372369314992,29279859911118,IP Sealing Ring 6 QT - SP - KW - Main,IP Sealing Ring 6 QT - SP - KW - Main - KW Exact - Set 1,0.5,KW Exact,B07CRPSYHL,ie-rings-6qt-3,3.9,5.4,15.95,2.39,3.75,0.27,1.0,2.0,,3.5
IP Sealing Ring 6 QT,Sponsored Products,181372369314992,163695702077665,IP Sealing Ring 6 QT - SP - KW - Main,IP Sealing Ring 6 QT - SP - KW - Main - KW Broad,0.4,KW Broad,B07CRPSYHL,ie-rings-6qt-3,3.9,5.4,15.95,2.39,3.75,0.27,1.0,2.0,,3.5
IP Sealing Ring 6 QT,Sponsored Products,181372369314992,264850367548600,IP Sealing Ring 6 QT - SP - KW - Main,IP Sealing Ring 6 QT - SP - KW - Main - KW Exact - Set 2,0.5,KW Exact,B07CRPSYHL,ie-rings-6qt-3,3.9,5.4,15.95,2.39,3.75,0.27,1.0,2.0,,3.5
IP Sealing Ring 6 QT,Sponsored Products,181372369314992,264120037688392,IP Sealing Ring 6 QT - SP - KW - Main,IP Sealing Ring 6 QT - SP - KW - Main - KW Exact - Set 3,0.5,KW Exact,B07CRPSYHL,ie-rings-6qt-3,3.9,5.4,15.95,2.39,3.75,0.27,1.0,2.0,,3.5
IP Sealing Ring 8 QT,Sponsored Products,162283605032889,97686002947727,IP Sealing Ring 8 QT - ASIN - Instant Pots,IP Sealing Ring 8 QT - ASIN - Instant Pots,0.25,ASIN Comp,B07SF9B3HX,ie-3-8qt-b-c-s,4.66,5.4,17.99,2.7,3.44,0.29,1.0,2.0,,6.0
IP Sealing Ring 8 QT,Sponsored Brands,6552587458559,,IP Sealing Ring 8 QT - SBV - KW - Main Video - KW Broad,,,KW Broad,B07SF9B3HX,ie-3-8qt-b-c-s,4.66,5.4,17.99,2.7,3.44,0.29,1.0,2.0,,1.0
IP Sealing Ring 8 QT,Sponsored Brands,145268736228001,,IP Sealing Ring 8 QT - SBV - KW - Main Video - KW Exact,,,KW Exact,B07SF9B3HX,ie-3-8qt-b-c-s,4.66,5.4,17.99,2.7,3.44,0.29,1.0,2.0,,1.0
IP Sealing Ring 8 QT,Sponsored Products,243339660584891,203954333052186,IP Sealing Ring 8 QT - SP - KW - Main,IP Sealing Ring 8 QT - SP - KW - Main - KW Broad,0.4,KW Broad,B07SF9B3HX,ie-3-8qt-b-c-s,4.66,5.4,17.99,2.7,3.44,0.29,1.0,2.0,,3.5
IP Sealing Ring 8 QT,Sponsored Products,243339660584891,100583015356531,IP Sealing Ring 8 QT - SP - KW - Main,IP Sealing Ring 8 QT - SP - KW - Main - KW Exact - Set 1,0.5,KW Exact,B07SF9B3HX,ie-3-8qt-b-c-s,4.66,5.4,17.99,2.7,3.44,0.29,1.0,2.0,,3.5
IP Sealing Ring 8 QT,Sponsored Products,243339660584891,239155186004017,IP Sealing Ring 8 QT - SP - KW - Main,IP Sealing Ring 8 QT - SP - KW - Main - KW Exact - Set 2,0.5,KW Exact,B07SF9B3HX,ie-3-8qt-b-c-s,4.66,5.4,17.99,2.7,3.44,0.29,1.0,2.0,,3.5
Plant Stands,Sponsored Products,151219614442184,138625346094292,Plant Stands - ASIN - Competitors,Plant Stands - ASIN - Competitors,0.27,ASIN Comp,B07MH6CHPR,sm-8-12-newfnsku,9.77,7.38,39.95,5.99,2.38,0.42,2.0,3.0,,5.5
Plant Stands,Sponsored Products,75272726238569,46161861598802,Plant Stands - Auto (PP),Plant Stands - Auto (PP),0.07,AUTO,B07MH6CHPR,sm-8-12-newfnsku,9.77,7.38,39.95,5.99,2.38,0.42,2.0,3.0,,5.5
Plant Stands,Sponsored Products,102970707800851,134104605277481,Plant Stands - Auto (TOS),Plant Stands - Auto (TOS),0.03,AUTO,B07MH6CHPR,sm-8-12-newfnsku,9.77,7.38,39.95,5.99,2.38,0.42,2.0,3.0,,8.0
Plant Stands,Sponsored Products,102970707800851,48891958604676,Plant Stands - Auto (TOS),Plant Stands - Auto (TOS) New,0.1,AUTO,B07MH6CHPR,sm-8-12-newfnsku,9.77,7.38,39.95,5.99,2.38,0.42,2.0,3.0,,8.0
Plant Stands,Sponsored Products,213392466059135,171390567306214,Plant Stands - Competitors - KW - Targeted,Plant Stands - Competitors - KW - Targeted (Broad),0.75,KW Broad,B07MH6CHPR,sm-8-12-newfnsku,9.77,7.38,39.95,5.99,2.38,0.42,2.0,3.0,,1.5
Plant Stands,Sponsored Products,213392466059135,127971328709186,Plant Stands - Competitors - KW - Targeted,Plant Stands - Competitors - KW - Targeted (Exact),0.75,KW Exact,B07MH6CHPR,sm-8-12-newfnsku,9.77,7.38,39.95,5.99,2.38,0.42,2.0,3.0,,1.5
Plant Stands,Sponsored Products,59874242499497,266705787915318,Plant Stands - KW - Targeted,Plant Stand- KW - Targeted (Exact),1.25,KW Exact,B07MH6CHPR,sm-8-12-newfnsku,9.77,7.38,39.95,5.99,2.38,0.42,2.0,3.0,,1.7
Plant Stands,Sponsored Products,59874242499497,135189355074952,Plant Stands - KW - Targeted,Plant Stand- KW - Targeted (Broad),0.75,KW Broad,B07MH6CHPR,sm-8-12-newfnsku,9.77,7.38,39.95,5.99,2.38,0.42,2.0,3.0,,1.7
Plant Stands,Sponsored Brands,214519303344256,,Plant Stands - SBV - Prod - ASIN Comp - Direct Competitors(1),,,ASIN Comp,B07MH6CHPR,sm-8-12-newfnsku,9.77,7.38,39.95,5.99,2.38,0.42,2.0,3.0,,1.0
Plant Stands,Sponsored Brands,203288504957436,,Plant Stands Video - KW Targeted (Broad)(1),,,KW Broad,B07MH6CHPR,sm-8-12-newfnsku,9.77,7.38,39.95,5.99,2.38,0.42,2.0,3.0,,1.0
Plant Stands,Sponsored Brands,241078762627321,,Plant Stands Video - KW Targeted (Exact),,,KW Exact,B07MH6CHPR,sm-8-12-newfnsku,9.77,7.38,39.95,5.99,2.38,0.42,2.0,3.0,,1.0
Silicone Bakeware Sling,Sponsored Brands,124703353717337,,Silicone Bakeware Sling - SBV - KW - Main Video - KW Broad,,,KW Broad,B08D73JRCZ,ie-bake-sling-1,3.89,4.75,13.95,2.09,4.34,0.23,1.0,2.0,,1.0
Silicone Bakeware Sling,Sponsored Brands,99117052866162,,Silicone Bakeware Sling - SBV - KW - Main Video - KW Exact,,,KW Exact,B08D73JRCZ,ie-bake-sling-1,3.89,4.75,13.95,2.09,4.34,0.23,1.0,2.0,,1.0
Silicone Bakeware Sling,Sponsored Products,83052056067849,89566893544281,Silicone Bakeware Sling - SP - KW - Main,Silicone Bakeware Sling - SP - KW - Main - KW Exact,0.45,KW Exact,B08D73JRCZ,ie-bake-sling-1,3.89,4.75,13.95,2.09,4.34,0.23,1.0,2.0,,4.5
Silicone Bakeware Sling,Sponsored Products,83052056067849,71878146387198,Silicone Bakeware Sling - SP - KW - Main,Silicone Bakeware Sling - SP - KW - Main - KW Broad,0.25,KW Broad,B08D73JRCZ,ie-bake-sling-1,3.89,4.75,13.95,2.09,4.34,0.23,1.0,2.0,,4.5
Silicone Bakeware Sling,Sponsored Products,267307021957909,185901103199568,Silicone Bakeware Sling - SP - Prod - Comp,Silicone Bakeware Sling - SP - Prod - Comp - ASIN Comp - Silicone Slings,0.25,ASIN Comp,B08D73JRCZ,ie-bake-sling-1,3.89,4.75,13.95,2.09,4.34,0.23,1.0,2.0,,6.0
Silicone Bakeware Sling,Sponsored Products,267307021957909,111578424520239,Silicone Bakeware Sling - SP - Prod - Comp,Silicone Bakeware Sling - SP - Prod - Comp - ASIN Comp - Wire Rack Trivets,0.23,ASIN Comp,B08D73JRCZ,ie-bake-sling-1,3.89,4.75,13.95,2.09,4.34,0.23,1.0,2.0,,6.0
Silicone Egg Bite Molds,Sponsored Brands,49357241258163,,Silicone Egg Bite Molds - SBV - KW - Main Video - KW Broad,,,KW Broad,B07K2C1M8W,R2-GQ1L-TV77,9.52,6.75,25.95,3.89,4.49,0.22,1.0,2.0,,1.0
Silicone Egg Bite Molds,Sponsored Brands,212687963727131,,Silicone Egg Bite Molds - SBV - KW - Main Video - KW Exact,,,KW Exact,B07K2C1M8W,R2-GQ1L-TV77,9.52,6.75,25.95,3.89,4.49,0.22,1.0,2.0,,1.0
Silicone Egg Bite Molds,Sponsored Products,8630735253433,13420403184042,Silicone Egg Bite Molds - SP - KW - Main,Silicone Egg Bite Molds - SP - KW - Main - KW Exact,0.35,KW Exact,B07K2C1M8W,R2-GQ1L-TV77,9.52,6.75,25.95,3.89,4.49,0.22,1.0,2.0,,4.0
Silicone Egg Bite Molds,Sponsored Products,8630735253433,146855896862764,Silicone Egg Bite Molds - SP - KW - Main,Silicone Egg Bite Molds - SP - KW - Main - KW Broad,0.25,KW Broad,B07K2C1M8W,R2-GQ1L-TV77,9.52,6.75,25.95,3.89,4.49,0.22,1.0,2.0,,4.0
Silicone Egg Bite Molds,Sponsored Products,246907783344637,34824403722011,Silicone Egg Bite Molds - SP - Prod - Comp,Silicone Egg Bite Molds - SP - Prod - Comp - ASIN Comp - 2 Pack Sling Set,0.25,ASIN Comp,B07K2C1M8W,R2-GQ1L-TV77,9.52,6.75,25.95,3.89,4.49,0.22,1.0,2.0,,6.0
Silicone Egg Bite Molds,Sponsored Products,246907783344637,18889924349864,Silicone Egg Bite Molds - SP - Prod - Comp,Silicone Egg Bite Molds  - SP - Prod - Comp - ASIN Comp - No Sling 1 Pack,0.23,ASIN Comp,B07K2C1M8W,R2-GQ1L-TV77,9.52,6.75,25.95,3.89,4.49,0.22,1.0,2.0,,6.0
Silicone Roasting Rack,Sponsored Brands,253430860629788,,Silicone Roasting Rack - SBV - KW - Main Video - KW Broad - Var 2,,,KW Broad,B08D73NSHJ,ie-roast-rack-1,4.24,3.96,12.95,1.94,4.61,0.22,1.0,2.0,,1.0
Silicone Roasting Rack,Sponsored Brands,45639722390982,,Silicone Roasting Rack - SBV - KW - Main Video - KW Exact - Var 2,,,KW Exact,B08D73NSHJ,ie-roast-rack-1,4.24,3.96,12.95,1.94,4.61,0.22,1.0,2.0,,1.0
Silicone Roasting Rack,Sponsored Products,144651339116348,219651178456378,Silicone Roasting Rack - SP - KW - Main,Silicone Roasting Rack - SP - KW - Main - KW Exact,0.5,KW Exact,B08D73NSHJ,ie-roast-rack-1,4.24,3.96,12.95,1.94,4.61,0.22,1.0,2.0,,4.5
Silicone Roasting Rack,Sponsored Products,144651339116348,189726356547997,Silicone Roasting Rack - SP - KW - Main,Silicone Roasting Rack - SP - KW - Main - KW Broad,0.25,KW Broad,B08D73NSHJ,ie-roast-rack-1,4.24,3.96,12.95,1.94,4.61,0.22,1.0,2.0,,4.5
Silicone Roasting Rack,Sponsored Products,189008365546665,505431713672,Silicone Roasting Rack - SP - Prod - Comp,Silicone Roasting Rack - SP - Prod - Comp - ASIN Comp,0.25,ASIN Comp,B08D73NSHJ,ie-roast-rack-1,4.24,3.96,12.95,1.94,4.61,0.22,1.0,2.0,,4.0
Silicone Steamer Basket,Sponsored Brands,124536236761481,,Silicone Steamer Basket - SBV - KW - Main Video - KW Broad,,,KW Broad,B08D75K4Z8,ie-steam-basket-1,5.45,5.4,18.95,2.84,3.61,0.28,1.0,2.0,,1.0
Silicone Steamer Basket,Sponsored Brands,31358369012321,,Silicone Steamer Basket - SBV - KW - Main Video - KW Exact,,,KW Exact,B08D75K4Z8,ie-steam-basket-1,5.45,5.4,18.95,2.84,3.61,0.28,1.0,2.0,,1.0
Silicone Steamer Basket,Sponsored Products,420514591440,241556772175684,Silicone Steamer Basket - SP - KW - Main,Silicone Steamer Basket - SP - KW - Main - KW Exact,0.35,KW Exact,B08D75K4Z8,ie-steam-basket-1,5.45,5.4,18.95,2.84,3.61,0.28,1.0,2.0,,4.0
Silicone Steamer Basket,Sponsored Products,420514591440,153218106980568,Silicone Steamer Basket - SP - KW - Main,Silicone Steamer Basket - SP - KW - Main - KW Broad,0.25,KW Broad,B08D75K4Z8,ie-steam-basket-1,5.45,5.4,18.95,2.84,3.61,0.28,1.0,2.0,,4.0
Silicone Steamer Basket,Sponsored Products,153876253083318,84640875992453,Silicone Steamer Basket - SP - Prod - Comp,Silicone Steamer Basket - SP - Prod - Comp - ASIN Comp - Direct Silicone Steamers,0.25,ASIN Comp,B08D75K4Z8,ie-steam-basket-1,5.45,5.4,18.95,2.84,3.61,0.28,1.0,2.0,,6.0
Dontcare,Sponsored Products,222510456403994,32923946121828,Sleepmask - Auto,Ad Group 1,0.75,Dontcare,,,,,,,,,,,,1.0
Dontcare,Sponsored Products,136717929578564,114808021826903,Sleepmask Manual,SleepMask - Broad,0.32,Dontcare,,,,,,,,,,,,2.1
Dontcare,Sponsored Products,136717929578564,169646199637233,Sleepmask Manual,SleepMask - Exact,0.45,Dontcare,,,,,,,,,,,,2.1
Steam Diverter DUO,Sponsored Brands,166954488763902,,Steam Diverter DUO - SBV - KW - Main Video - KW Exact,,,KW Exact,B08D74TDDZ,ie-DUOsteam-div-1,0.72,3.96,9.95,1.49,2.63,0.38,1.0,2.0,,1.0
Steam Diverter DUO,Sponsored Products,63550321138558,155073866700274,Steam Diverter DUO - SP - KW - Main,Steam Diverter DUO - SP - KW - Main - KW Exact,0.45,KW Exact,B08D74TDDZ,ie-DUOsteam-div-1,0.72,3.96,9.95,1.49,2.63,0.38,1.0,2.0,,3.25
Steam Diverter DUO,Sponsored Products,63550321138558,265856324055146,Steam Diverter DUO - SP - KW - Main,Steam Diverter DUO - SP - KW - Main - KW Broad,0.35,KW Broad,B08D74TDDZ,ie-DUOsteam-div-1,0.72,3.96,9.95,1.49,2.63,0.38,1.0,2.0,,3.25
Steam Diverter LUX,Sponsored Brands,186691884773161,,Steam Diverter LUX - SBV - KW - Main Video - KW Exact,,,KW Exact,B08D75445D,ie-LUXsteam-div-1,0.81,3.72,9.95,1.49,2.53,0.4,1.0,2.0,,1.0
Steam Diverter LUX,Sponsored Products,212082072720031,75450099707445,Steam Diverter LUX - SP - KW - Main,Steam Diverter LUX - SP - KW - Main - KW Exact,0.6,KW Exact,B08D75445D,ie-LUXsteam-div-1,0.81,3.72,9.95,1.49,2.53,0.4,1.0,2.0,,3.25
Steam Diverter LUX,Sponsored Products,212082072720031,265045775067610,Steam Diverter LUX - SP - KW - Main,Steam Diverter LUX - SP - KW - Main - KW Broad,0.35,KW Broad,B08D75445D,ie-LUXsteam-div-1,0.81,3.72,9.95,1.49,2.53,0.4,1.0,2.0,,3.25
Dontcare,Sponsored Products,26166262775731,1167101412467,Sun Visor - Targeted,Sun Visor - Broad,0.75,Dontcare,,,,,,,,,,,,1.45
Dontcare,Sponsored Products,26166262775731,34674772044012,Sun Visor - Targeted,Sun Visor - Exact,1.0,Dontcare,,,,,,,,,,,,1.45
Dontcare,Sponsored Products,218866624513968,38474511920146,VL - Reference,9M-TC33-Y3WO,0.02,Dontcare,,,,,,,,,,,,1.0
Dontcare,Sponsored Products,218866624513968,263100075589370,VL - Reference,R2-GQ1L-TV77,0.02,Dontcare,,,,,,,,,,,,1.0
Dontcare,Sponsored Products,218866624513968,59366083892301,VL - Reference,plantstand-pink-large,0.02,Dontcare,,,,,,,,,,,,1.0
Dontcare,Sponsored Products,218866624513968,131371239079569,VL - Reference,plantstand-natural-large,0.02,Dontcare,,,,,,,,,,,,1.0
Washing Machine Cleaner,Sponsored Brands,144379924436356000,,Washing Machine Cleaner - SB - KW - Comp - KW Broad - Comp Terms (2),,,KW Broad,B08DVFZTTG,active-tablets-24,2.1,3.22,14.95,2.24,2.02,0.49,1.0,1.0,0.2372,1.0
Washing Machine Cleaner,Sponsored Brands,144237848598252000,,Washing Machine Cleaner - SB - KW - Comp - KW Exact - Comp Terms (2),,,KW Exact,B08DVFZTTG,active-tablets-24,2.1,3.22,14.95,2.24,2.02,0.49,1.0,1.0,0.2372,1.0
Washing Machine Cleaner,Sponsored Brands,144376916323366000,,Washing Machine Cleaner - SB - KW - Main - KW Broad - Front Load (2),,,KW Broad,B08DVFZTTG,active-tablets-24,2.1,3.22,14.95,2.24,2.02,0.49,1.0,1.0,0.2372,1.0
Washing Machine Cleaner,Sponsored Brands,144176728150181000,,Washing Machine Cleaner - SB - KW - Main - KW Broad - HE (2),,,KW Broad,B08DVFZTTG,active-tablets-24,2.1,3.22,14.95,2.24,2.02,0.49,1.0,1.0,0.2372,1.0
Washing Machine Cleaner,Sponsored Brands,144210820974948000,,Washing Machine Cleaner - SB - KW - Main - KW Broad - Main (2),,,KW Broad,B08DVFZTTG,active-tablets-24,2.1,3.22,14.95,2.24,2.02,0.49,1.0,1.0,0.2372,1.0
Washing Machine Cleaner,Sponsored Brands,144231519250414000,,Washing Machine Cleaner - SB - KW - Main - KW Broad - Top Load,,,KW Broad,B08DVFZTTG,active-tablets-24,2.1,3.22,14.95,2.24,2.02,0.49,1.0,1.0,0.2372,1.0
Washing Machine Cleaner,Sponsored Brands,144174428731393000,,Washing Machine Cleaner - SB - KW - Main - KW Exact - Front Load,,,KW Exact,B08DVFZTTG,active-tablets-24,2.1,3.22,14.95,2.24,2.02,0.49,1.0,1.0,0.2372,1.0
Washing Machine Cleaner,Sponsored Brands,144354182517888000,,Washing Machine Cleaner - SB - KW - Main - KW Exact - HE (2),,,KW Exact,B08DVFZTTG,active-tablets-24,2.1,3.22,14.95,2.24,2.02,0.49,1.0,1.0,0.2372,1.0
Washing Machine Cleaner,Sponsored Brands,144261417900862000,,Washing Machine Cleaner - SB - KW - Main - KW Exact - Main - Set 1,,,KW Exact,B08DVFZTTG,active-tablets-24,2.1,3.22,14.95,2.24,2.02,0.49,1.0,1.0,0.2372,1.0
Washing Machine Cleaner,Sponsored Brands,144321305191850000,,Washing Machine Cleaner - SB - KW - Main - KW Exact - Main - Set 2,,,KW Exact,B08DVFZTTG,active-tablets-24,2.1,3.22,14.95,2.24,2.02,0.49,1.0,1.0,0.2372,1.0
Washing Machine Cleaner,Sponsored Brands,144163599908426000,,Washing Machine Cleaner - SB - KW - Main - KW Exact - Top Load,,,KW Exact,B08DVFZTTG,active-tablets-24,2.1,3.22,14.95,2.24,2.02,0.49,1.0,1.0,0.2372,1.0
Washing Machine Cleaner,Sponsored Brands,95424775481232,,Washing Machine Cleaner - SBV - KW - Comp Video - KW Broad - Comp Terms,,,KW Broad,B08DVFZTTG,active-tablets-24,2.1,3.22,14.95,2.24,2.02,0.49,1.0,1.0,0.2372,1.0
Washing Machine Cleaner,Sponsored Brands,220617038715955,,Washing Machine Cleaner - SBV - KW - Comp Video - KW Exact - Comp Terms,,,KW Exact,B08DVFZTTG,active-tablets-24,2.1,3.22,14.95,2.24,2.02,0.49,1.0,1.0,0.2372,1.0
Washing Machine Cleaner,Sponsored Brands,185683376987950,,Washing Machine Cleaner - SBV - KW - Main Video - KW Broad,,,KW Broad,B08DVFZTTG,active-tablets-24,2.1,3.22,14.95,2.24,2.02,0.49,1.0,1.0,0.2372,1.0
Washing Machine Cleaner,Sponsored Brands,164338516722380,,Washing Machine Cleaner - SBV - KW - Main Video - KW Exact,,,KW Exact,B08DVFZTTG,active-tablets-24,2.1,3.22,14.95,2.24,2.02,0.49,1.0,1.0,0.2372,1.0
Washing Machine Cleaner,Sponsored Brands,136352119251530,,Washing Machine Cleaner - SBV - Prod - Comp - V1,,,ASIN Comp,B08DVFZTTG,active-tablets-24,2.1,3.22,14.95,2.24,2.02,0.49,1.0,1.0,0.2372,1.0
Washing Machine Cleaner,Sponsored Products,92155781407487,27561276577114,Washing Machine Cleaner - SP - Auto - TOS,Washing Machine Cleaner - SP - Auto - TOS,0.3,AUTO,B08DVFZTTG,active-tablets-24,2.1,3.22,14.95,2.24,2.02,0.49,1.0,1.0,0.2372,8.0
Washing Machine Cleaner,Sponsored Products,100801817439562,43599423601364,Washing Machine Cleaner - SP - KW - Comp,Washing Machine Cleaner - SP - KW - Comp - KW Exact,0.45,KW Exact,B08DVFZTTG,active-tablets-24,2.1,3.22,14.95,2.24,2.02,0.49,1.0,1.0,0.2372,4.5
Washing Machine Cleaner,Sponsored Products,100801817439562,65328045097217,Washing Machine Cleaner - SP - KW - Comp,Washing Machine Cleaner - SP - KW - Comp - KW Broad,0.25,KW Broad,B08DVFZTTG,active-tablets-24,2.1,3.22,14.95,2.24,2.02,0.49,1.0,1.0,0.2372,4.5
Washing Machine Cleaner,Sponsored Products,100801817439562,18351666513225,Washing Machine Cleaner - SP - KW - Comp,Washing Machine Cleaner - SP - KW - Comp - KW Exact - Set 2,0.75,KW Exact,B08DVFZTTG,active-tablets-24,2.1,3.22,14.95,2.24,2.02,0.49,1.0,1.0,0.2372,4.5
Washing Machine Cleaner,Sponsored Products,270893626240984,206010556905749,Washing Machine Cleaner - SP - KW - Main,Washing Machine Cleaner - SP - KW - Main - KW Exact - Set 1,0.4,KW Exact,B08DVFZTTG,active-tablets-24,2.1,3.22,14.95,2.24,2.02,0.49,1.0,1.0,0.2372,5.5
Washing Machine Cleaner,Sponsored Products,270893626240984,274048576718680,Washing Machine Cleaner - SP - KW - Main,Washing Machine Cleaner - SP - KW - Main - KW Broad,0.25,KW Broad,B08DVFZTTG,active-tablets-24,2.1,3.22,14.95,2.24,2.02,0.49,1.0,1.0,0.2372,5.5
Washing Machine Cleaner,Sponsored Products,270893626240984,32746773945119,Washing Machine Cleaner - SP - KW - Main,Washing Machine Cleaner - SP - KW - Main - KW Exact - Set 3,0.75,KW Exact,B08DVFZTTG,active-tablets-24,2.1,3.22,14.95,2.24,2.02,0.49,1.0,1.0,0.2372,5.5
Washing Machine Cleaner,Sponsored Products,270893626240984,33701749270437,Washing Machine Cleaner - SP - KW - Main,Washing Machine Cleaner - SP - KW - Main - KW Exact - Set 2,0.4,KW Exact,B08DVFZTTG,active-tablets-24,2.1,3.22,14.95,2.24,2.02,0.49,1.0,1.0,0.2372,5.5
Washing Machine Cleaner,Sponsored Products,82946085601539,131703126709457,Washing Machine Cleaner - SP - Prod - Comp,Washing Machine Cleaner - SP - Prod - Comp - ASIN Comp - Direct,0.33,ASIN Comp,B08DVFZTTG,active-tablets-24,2.1,3.22,14.95,2.24,2.02,0.49,1.0,1.0,0.2372,4.5
Washing Machine Cleaner,Sponsored Products,79289195529285,213309804272975,Washing Machine Cleaner - SP - Prod - Defense,Washing Machine Cleaner - SP - Prod - Defense - ASIN Def,0.75,ASIN Def,B08DVFZTTG,active-tablets-24,2.1,3.22,14.95,2.24,2.02,0.49,1.0,1.0,0.2372,10.0
Dontcare,Sponsored Products,64639219624688,214970237619721,Weighted Blanket - Auto,Weighted Blanket - Auto,1.5,Dontcare,,,,,,,,,,,,1.0
Dontcare,Sponsored Products,124970404905107,89227669409812,Weighted Blanket - Targeted,Weighted Blanket - Broad,2.75,Dontcare,,,,,,,,,,,,1.0
Dontcare,Sponsored Products,124970404905107,109094977379416,Weighted Blanket - Targeted,Weighted Blanket - Exact,3.5,Dontcare,,,,,,,,,,,,1.0
,Sponsored Brands,144189296804183000,,Cakeware Pans - SB - PC - V1,Cakeware Pans - SB - PC - V1,,,,,,,,,,,,,,1.0
Plant Stands,Sponsored Brands,144295766125247000,,Plant Stands - HSA - KW Targeted (Exact),Plant Stands - HSA - KW Targeted (Exact),,KW Exact,B07MH6CHPR,sm-8-12-newfnsku,9.77,7.38,39.95,5.99,2.38,0.42,2.0,3.0,,1.0
Washing Machine Cleaner,Sponsored Brands,144120581525744000,,Washing Machine Cleaner - SB - Prod - Comp - ASIN Comp - Direct (2),Washing Machine Cleaner - SB - Prod - Comp - ASIN Comp - Direct (2),,ASIN Comp,B08DVFZTTG,active-tablets-24,2.1,3.22,14.95,2.24,2.02,0.49,1.0,1.0,0.2372,1.0
Cakeware Pans General,Sponsored Brands,144164925410244000,,Cakeware Pans - SB - KW - Store Spotlight - KW Exact - Specific V1,Cakeware Pans - SB - KW - Store Spotlight - KW Exact - Specific V1,,KW Exact,,,,,,,4.0,0.25,,,,1.0
Cakeware Pans General,Sponsored Brands,144148390121277000,,Cakeware Pans - SB - KW - Store Spotlight - KW Exact - General V1,Cakeware Pans - SB - KW - Store Spotlight - KW Exact - General V1,,KW Exact,,,,,,,4.0,0.25,,,,1.0
Plant Stands,Sponsored Brands,144137164853839000,,Plant Stands - HSA - KW Targeted (Broad),Plant Stands - HSA - KW Targeted (Broad),,KW Broad,B07MH6CHPR,sm-8-12-newfnsku,9.77,7.38,39.95,5.99,2.38,0.42,2.0,3.0,,1.0
Silicone Roasting Rack,Sponsored Brands,187721594972037,,Silicone Roasting Rack - SBV - KW - Main Video - KW Exact,Silicone Roasting Rack - SBV - KW - Main Video - KW Exact,,KW Exact,B08D73NSHJ,ie-roast-rack-1,4.24,3.96,12.95,1.94,4.61,0.22,1.0,2.0,,1.0
Dishwasher Cleaner,Sponsored Brands,160997678230921,,Dishwasher Cleaner - SBV - KW - Main Video - KW Exact - (mashup),Dishwasher Cleaner - SBV - KW - Main Video - KW Exact - (mashup),,KW Exact,B09MV5B75Y,active-dishwasher-24,2.44,3.22,15.95,2.39,2.02,0.5,1.0,1.0,0.398,1.0
Cakeware Pans 4 Inch,Sponsored Brands,220710176662559,,Cakeware Pans 4 Inch - SBV - KW - Comp - KW Exact(1),Cakeware Pans 4 Inch - SBV - KW - Comp - KW Exact(1),,KW Exact,B08D74SPZW,ie-pan-4in-4,4.8,5.4,18.95,2.84,3.21,0.31,1.0,2.0,,1.0
Washing Machine Cleaner,Sponsored Brands,70559575914807,,Washing Machine Cleaner - SBV - Prod - Comp - V2,Washing Machine Cleaner - SBV - Prod - Comp - V2,,ASIN Comp,B08DVFZTTG,active-tablets-24,2.1,3.22,14.95,2.24,2.02,0.49,1.0,1.0,0.2372,1.0
Cakeware Pans 4 7 9,Sponsored Brands,239947059576321,,Cakeware Pans 4 7 9 - SBV - KW - Comp - KW Exact,Cakeware Pans 4 7 9 - SBV - KW - Comp - KW Exact,,KW Exact,B08D75HXSN,ie-pan-479in-3,4.82,6.08,20.95,3.14,3.03,0.33,1.0,2.0,,1.0
Cakeware Pans General,Sponsored Brands,205573497585066,,Cakeware Pans General - SBV - KW - Main Video - KW Broad,Cakeware Pans General - SBV - KW - Main Video - KW Broad,,KW Broad,,,,,,,4.0,0.25,,,,1.0
Cakeware Pans 7 Inch,Sponsored Brands,104283493954288,,Cakeware Pans 7 Inch - SBV - KW - Comp - KW Exact,Cakeware Pans 7 Inch - SBV - KW - Comp - KW Exact,,KW Exact,B08D75BTWH,ie-pan-7in-1,1.76,5.4,10.95,1.64,5.1,0.2,1.0,2.0,,1.0
Silicone Roasting Rack,Sponsored Brands,168742810165839,,Silicone Roasting Rack - SBV - KW - Main Video - KW Broad(1),Silicone Roasting Rack - SBV - KW - Main Video - KW Broad(1),,KW Broad,B08D73NSHJ,ie-roast-rack-1,4.24,3.96,12.95,1.94,4.61,0.22,1.0,2.0,,1.0
Cakeware Pans 9 Inch,Sponsored Brands,32749551639998,,Cakeware Pans 9 Inch - SBV - KW - Comp - KW Broad(1),Cakeware Pans 9 Inch - SBV - KW - Comp - KW Broad(1),,KW Broad,B08D75QYRK,ie-pan-9in-1,2.15,5.4,14.95,2.24,2.9,0.35,1.0,2.0,,1.0
Active Detergent,Sponsored Brands,14388202724934,,Active Detergent - Video 1 - KW Targeted (Exact)(1),Active Detergent - Video 1 - KW Targeted (Exact)(1),,KW Exact,B07L8NJY8W,activ-90-1,2.87,6.75,24.95,3.74,2.15,0.46,1.0,2.0,0.2837,1.0
Active Detergent,Sponsored Brands,207921443708748,,Active Detergent - SBV - Prod - ASIN Comp - Direct Competitors,Active Detergent - SBV - Prod - ASIN Comp - Direct Competitors,,ASIN Comp,B07L8NJY8W,activ-90-1,2.87,6.75,24.95,3.74,2.15,0.46,1.0,2.0,0.2837,1.0
Dishwasher Cleaner,Sponsored Brands,35933799027038,,Dishwasher Cleaner - SBV - KW - Main Video - KW Exact - (vid1-subs),Dishwasher Cleaner - SBV - KW - Main Video - KW Exact - (vid1-subs),,KW Exact,B09MV5B75Y,active-dishwasher-24,2.44,3.22,15.95,2.39,2.02,0.5,1.0,1.0,0.398,1.0
Active Detergent,Sponsored Brands,245746973870236,,Active Detergent - SBV - KW - Comp - KW Exact,Active Detergent - SBV - KW - Comp - KW Exact,,KW Exact,B07L8NJY8W,activ-90-1,2.87,6.75,24.95,3.74,2.15,0.46,1.0,2.0,0.2837,1.0
Cakeware Pans 4 7 9,Sponsored Brands,129804933199126,,Cakeware Pans 4 7 9 - SBV - KW - Comp - KW Broad,Cakeware Pans 4 7 9 - SBV - KW - Comp - KW Broad,,KW Broad,B08D75HXSN,ie-pan-479in-3,4.82,6.08,20.95,3.14,3.03,0.33,1.0,2.0,,1.0
Active Detergent,Sponsored Brands,272845689519178,,Active Detergent - Video 1 - KW Targeted (Exact)(2),Active Detergent - Video 1 - KW Targeted (Exact)(2),,KW Exact,B07L8NJY8W,activ-90-1,2.87,6.75,24.95,3.74,2.15,0.46,1.0,2.0,0.2837,1.0
Cakeware Pans 4 Inch,Sponsored Brands,89700726736027,,Cakeware Pans 4 Inch - SBV - KW - Comp - KW Broad(1),Cakeware Pans 4 Inch - SBV - KW - Comp - KW Broad(1),,KW Broad,B08D74SPZW,ie-pan-4in-4,4.8,5.4,18.95,2.84,3.21,0.31,1.0,2.0,,1.0
Cakeware Pans 4 7 9,Sponsored Brands,202397211007685,,Cakeware Pans 4 7 9 - SBV - KW - Comp - KW Broad(1),Cakeware Pans 4 7 9 - SBV - KW - Comp - KW Broad(1),,KW Broad,B08D75HXSN,ie-pan-479in-3,4.82,6.08,20.95,3.14,3.03,0.33,1.0,2.0,,1.0
Washing Machine Cleaner,Sponsored Brands,145299125601255,,Washing Machine Cleaner - SBV - Prod - ASIN Comp - Direct,Washing Machine Cleaner - SBV - Prod - ASIN Comp - Direct,,ASIN Comp,B08DVFZTTG,active-tablets-24,2.1,3.22,14.95,2.24,2.02,0.49,1.0,1.0,0.2372,1.0
Cakeware Pans 4 Inch,Sponsored Brands,193350286557400,,Cakeware Pans 4 Inch - SBV - KW - Comp - KW Exact,Cakeware Pans 4 Inch - SBV - KW - Comp - KW Exact,,KW Comp,B08D74SPZW,ie-pan-4in-4,4.8,5.4,18.95,2.84,3.21,0.31,1.0,2.0,,1.0
Cakeware Pans 9 Inch,Sponsored Brands,261109049446156,,Cakeware Pans 9 Inch - SBV - KW - Comp - KW Broad,Cakeware Pans 9 Inch - SBV - KW - Comp - KW Broad,,KW Broad,B08D75QYRK,ie-pan-9in-1,2.15,5.4,14.95,2.24,2.9,0.35,1.0,2.0,,1.0
Cakeware Pans 7 Inch,Sponsored Brands,8067299425763,,Cakeware Pans 7 Inch - SBV - KW - Comp - KW Exact(1),Cakeware Pans 7 Inch - SBV - KW - Comp - KW Exact(1),,KW Exact,B08D75BTWH,ie-pan-7in-1,1.76,5.4,10.95,1.64,5.1,0.2,1.0,2.0,,1.0
Cakeware Pans General,Sponsored Brands,63232944874959,,Cakeware Pans General - SBV - KW - Main Video - KW Exact(1),Cakeware Pans General - SBV - KW - Main Video - KW Exact(1),,KW Exact,,,,,,,4.0,0.25,,,,1.0
Cakeware Pans 7 Inch,Sponsored Brands,139103978586306,,Cakeware Pans 7 Inch - SBV - KW - Comp - KW Broad(1),Cakeware Pans 7 Inch - SBV - KW - Comp - KW Broad(1),,KW Broad,B08D75BTWH,ie-pan-7in-1,1.76,5.4,10.95,1.64,5.1,0.2,1.0,2.0,,1.0
Cakeware Pans 4 Inch,Sponsored Brands,86825875050593,,Cakeware Pans 4 Inch - SBV - KW - Comp - KW Broad,Cakeware Pans 4 Inch - SBV - KW - Comp - KW Broad,,KW Broad,B08D74SPZW,ie-pan-4in-4,4.8,5.4,18.95,2.84,3.21,0.31,1.0,2.0,,1.0
Cakeware Pans 9 Inch,Sponsored Brands,208997897212373,,Cakeware Pans 9 Inch - SBV - KW - Comp - KW Exact,Cakeware Pans 9 Inch - SBV - KW - Comp - KW Exact,,KW Exact,B08D75QYRK,ie-pan-9in-1,2.15,5.4,14.95,2.24,2.9,0.35,1.0,2.0,,1.0
Washing Machine Cleaner,Sponsored Brands,42542797698513,,Washing Machine Cleaner - SBV - Prod - Comp - V3,Washing Machine Cleaner - SBV - Prod - Comp - V3,,ASIN Comp,B08DVFZTTG,active-tablets-24,2.1,3.22,14.95,2.24,2.02,0.49,1.0,1.0,0.2372,1.0
Washing Machine Cleaner,Sponsored Brands,172894477219276,,Washing Machine Cleaner - SBV - Prod - Comp - V4,Washing Machine Cleaner - SBV - Prod - Comp - V4,,ASIN Comp,B08DVFZTTG,active-tablets-24,2.1,3.22,14.95,2.24,2.02,0.49,1.0,1.0,0.2372,1.0
Cakeware Pans General,Sponsored Brands,241392158329409,,Cakeware Pans General - SBV - KW - Comp - KW Broad(1),Cakeware Pans General - SBV - KW - Comp - KW Broad(1),,KW Broad,,,,,,,4.0,0.25,,,,1.0
Cakeware Pans 7 Inch,Sponsored Brands,95298968973061,,Cakeware Pans 7 Inch - SBV - KW - Comp - KW Broad,Cakeware Pans 7 Inch - SBV - KW - Comp - KW Broad,,KW Broad,B08D75BTWH,ie-pan-7in-1,1.76,5.4,10.95,1.64,5.1,0.2,1.0,2.0,,1.0
Plant Stands,Sponsored Brands,204982259648971,,Plant Stands Video - KW Targeted (Broad),Plant Stands Video - KW Targeted (Broad),,KW Broad,B07MH6CHPR,sm-8-12-newfnsku,9.77,7.38,39.95,5.99,2.38,0.42,2.0,3.0,,1.0
Washing Machine Cleaner,Sponsored Brands,169709827166228,,Washing Machine Cleaner - SBV - KW - Main Video,Washing Machine Cleaner - SBV - KW - Main Video,,KW Exact,B08DVFZTTG,active-tablets-24,2.1,3.22,14.95,2.24,2.02,0.49,1.0,1.0,0.2372,1.0
Cakeware Pans General,Sponsored Brands,9843657863939,,Cakeware Pans General - SBV - KW - Main Video - KW Exact,Cakeware Pans General - SBV - KW - Main Video - KW Exact,,KW Exact,,,,,,,4.0,0.25,,,,1.0
Active Detergent,Sponsored Brands,55131567907237,,Active Detergent - SBV - KW - Comp - KW Broad,Active Detergent - SBV - KW - Comp - KW Broad,,KW Broad,B07L8NJY8W,activ-90-1,2.87,6.75,24.95,3.74,2.15,0.46,1.0,2.0,0.2837,1.0
Silicone Roasting Rack,Sponsored Brands,29329042769712,,Silicone Roasting Rack - SBV - KW - Main Video - KW Broad,Silicone Roasting Rack - SBV - KW - Main Video - KW Broad,,KW Broad,B08D73NSHJ,ie-roast-rack-1,4.24,3.96,12.95,1.94,4.61,0.22,1.0,2.0,,1.0
Cakeware Pans 4 7 9,Sponsored Brands,195560001122767,,Cakeware Pans 4 7 9 - SBV - KW - Comp - KW Exact(1),Cakeware Pans 4 7 9 - SBV - KW - Comp - KW Exact(1),,KW Exact,B08D75HXSN,ie-pan-479in-3,4.82,6.08,20.95,3.14,3.03,0.33,1.0,2.0,,1.0
Exp Steamer Basket,Sponsored Brands,62406880447897,,Exp Steamer Basket - SBV - Prod - ASIN Comp - Direct Competitors,Exp Steamer Basket - SBV - Prod - ASIN Comp - Direct Competitors,,ASIN Comp,B08D75LFT5,ie-exp-basket-1,3.35,4.75,12.95,1.94,4.45,0.22,1.0,2.0,,1.0
Cakeware Pans General,Sponsored Brands,241407499854214,,Cakeware Pans General - SBV - KW - Comp - KW Exact,Cakeware Pans General - SBV - KW - Comp - KW Exact,,KW Exact,,,,,,,4.0,0.25,,,,1.0
Cakeware Pans General,Sponsored Brands,243323620965697,,Cakeware Pans General - SBV - KW - Comp - KW Exact(1),Cakeware Pans General - SBV - KW - Comp - KW Exact(1),,KW Exact,,,,,,,4.0,0.25,,,,1.0
Cakeware Pans General,Sponsored Brands,76179439040215,,Cakeware Pans General - SBV - KW - Main Video - KW Broad(1),Cakeware Pans General - SBV - KW - Main Video - KW Broad(1),,KW Broad,,,,,,,4.0,0.25,,,,1.0
Cakeware Pans 9 Inch,Sponsored Brands,214193949697150,,Cakeware Pans 9 Inch - SBV - KW - Comp - KW Exact(1),Cakeware Pans 9 Inch - SBV - KW - Comp - KW Exact(1),,KW Exact,B08D75QYRK,ie-pan-9in-1,2.15,5.4,14.95,2.24,2.9,0.35,1.0,2.0,,1.0
Active Detergent,Sponsored Brands,84889760632799,,Active Detergent - Video 1 - KW Targeted (Exact),Active Detergent - Video 1 - KW Targeted (Exact),,KW Exact,B07L8NJY8W,activ-90-1,2.87,6.75,24.95,3.74,2.15,0.46,1.0,2.0,0.2837,1.0
Cakeware Pans General,Sponsored Brands,169443661647813,,Cakeware Pans General - SBV - KW - Comp - KW Broad,Cakeware Pans General - SBV - KW - Comp - KW Broad,,KW Broad,,,,,,,4.0,0.25,,,,1.0
Plant Stands,Sponsored Brands,151896126664277,,Plant Stands - SBV - Prod - ASIN Comp - Direct Competitors,Plant Stands - SBV - Prod - ASIN Comp - Direct Competitors,,ASIN Comp,B07MH6CHPR,sm-8-12-newfnsku,9.77,7.38,39.95,5.99,2.38,0.42,2.0,3.0,,1.0
Washing Machine Cleaner,Sponsored Products,270893626240984,84064964667117,Washing Machine Cleaner - SP - KW - Main,Washing Machine Cleaner - SP - KW - Main - KW Exact - Set 4,0.75,KW Exact,B08DVFZTTG,active-tablets-24,2.1,3.22,14.95,2.24,2.02,0.49,1.0,1.0,0.2372,5.5
Dishwasher Cleaner,Sponsored Brands,54129950939375,,Dishwasher Cleaner - SBV - KW - Main Video - KW Broad - (vid2-subs)(1),Dishwasher Cleaner - SBV - KW - Main Video - KW Broad - (vid2-subs)(1),,KW Broad,B09MV5B75Y,active-dishwasher-24,2.44,3.22,15.95,2.39,2.02,0.5,1.0,1.0,0.398,1.0
Dishwasher Cleaner,Sponsored Brands,32744120973525,,Dishwasher Cleaner - SBV - KW - Main Video - KW Exact - (vid1 - subs),Dishwasher Cleaner - SBV - KW - Main Video - KW Exact - (vid1 - subs),,KW Exact,B09MV5B75Y,active-dishwasher-24,2.44,3.22,15.95,2.39,2.02,0.5,1.0,1.0,0.398,1.0
Dishwasher Cleaner,Sponsored Brands,138743555044660,,Dishwasher Cleaner - SBV - KW - Washer Branded - KW Exact - (vid2-subs),Dishwasher Cleaner - SBV - KW - Washer Branded - KW Exact - (vid2-subs),,KW Exact,B09MV5B75Y,active-dishwasher-24,2.44,3.22,15.95,2.39,2.02,0.5,1.0,1.0,0.398,1.0
Dishwasher Cleaner,Sponsored Brands,175234998127835,,Dishwasher Cleaner - SBV - KW - Main Video - KW Exact - (mashup1),Dishwasher Cleaner - SBV - KW - Main Video - KW Exact - (mashup1),,KW Exact,B09MV5B75Y,active-dishwasher-24,2.44,3.22,15.95,2.39,2.02,0.5,1.0,1.0,0.398,1.0
Dishwasher Cleaner,Sponsored Brands,83668900302982,,Dishwasher Cleaner - SBV - Prod - Comp - ASIN Comp - Direct - (vid2-subs),Dishwasher Cleaner - SBV - Prod - Comp - ASIN Comp - Direct - (vid2-subs),,ASIN Comp,B09MV5B75Y,active-dishwasher-24,2.44,3.22,15.95,2.39,2.02,0.5,1.0,1.0,0.398,1.0
Dishwasher Cleaner,Sponsored Brands,176765232131265,,Dishwasher Cleaner - SBV - KW - Main Video - KW Exact - (vid3-subs),Dishwasher Cleaner - SBV - KW - Main Video - KW Exact - (vid3-subs),,KW Exact,B09MV5B75Y,active-dishwasher-24,2.44,3.22,15.95,2.39,2.02,0.5,1.0,1.0,0.398,1.0
Dishwasher Cleaner,Sponsored Brands,212427427909734,,Dishwasher Cleaner - SBV - KW - Comp - KW Exact - (vid2-subs)(1),Dishwasher Cleaner - SBV - KW - Comp - KW Exact - (vid2-subs)(1),,KW Exact,B09MV5B75Y,active-dishwasher-24,2.44,3.22,15.95,2.39,2.02,0.5,1.0,1.0,0.398,1.0
